numb,edgeA,edgeB
0,967,717
1,967,429
2,967,679
3,967,2404
4,967,367
5,967,2454
6,967,1885
7,967,391
8,967,1551
9,967,81
10,967,166
11,967,2274
12,967,1162
13,967,124
14,967,250
15,967,2829
16,967,1983
17,967,1554
18,967,2009
19,967,1013
20,967,1489
21,2553,1203
22,2553,2233
23,2553,1152
24,2553,3062
25,2553,849
26,2553,568
27,2553,2200
28,2553,940
29,2553,1077
30,2553,914
31,2553,536
32,1454,2343
33,1454,2083
34,1454,2269
35,1454,1743
36,1454,1817
37,1454,554
38,1454,758
39,1454,2909
40,1454,864
41,1454,3210
42,1454,2440
43,1454,769
44,1454,653
45,1454,604
46,1454,1226
47,1454,2011
48,1454,939
49,1454,1070
50,1454,179
51,1454,2596
52,1454,1498
53,1454,506
54,1454,386
55,1454,1123
56,1454,1317
57,1454,579
58,1454,1845
59,1454,505
60,1454,918
61,1454,2540
62,1454,2475
63,1454,2971
64,1454,1276
65,1454,1823
66,1454,1102
67,1454,3092
68,1454,351
69,1454,1946
70,1454,2823
71,1454,2510
72,1454,144
73,1454,2013
74,1454,438
75,1454,789
76,1454,1666
77,1454,251
78,1454,217
79,1454,3034
80,1454,2732
81,1454,695
82,1454,3038
83,1454,1002
84,1454,976
85,1454,2384
86,1454,1641
87,1454,1980
88,1454,239
89,1454,241
90,1454,2458
91,1454,185
92,1454,1077
93,1454,2733
94,1454,3126
95,1454,196
96,1454,1497
97,1454,331
98,1454,1206
99,1454,860
100,1454,88
101,1454,577
102,1454,385
103,1454,365
104,1454,2797
105,1454,2656
106,1454,264
107,1454,1990
108,1454,1502
109,1454,531
110,1454,1015
111,1454,1812
112,1454,2640
113,1454,343
114,1454,1626
115,1454,1464
116,1454,3181
117,1454,1106
118,1454,663
119,1454,3171
120,1454,421
121,1454,1809
122,1454,2975
123,1454,475
124,1454,2809
125,1454,1735
126,1454,65
127,1454,2425
128,1454,1935
129,1454,2017
130,1454,2841
131,1454,484
132,1454,357
133,1454,432
134,1454,1674
135,1454,1442
136,1454,2044
137,1454,2451
138,1454,507
139,1454,110
140,1454,1579
141,1454,2570
142,1454,832
143,1454,937
144,1454,2605
145,1454,914
146,1454,2765
147,1454,2372
148,1454,728
149,1454,2887
150,1454,2601
151,1454,1326
152,1454,603
153,1454,2576
154,1454,2351
155,1454,2296
156,1454,3021
157,1454,2911
158,1454,2340
159,1454,1583
160,1454,980
161,1454,2534
162,1454,2356
163,1454,3059
164,1454,1859
165,1454,1202
166,1454,2204
167,1454,2846
168,1454,739
169,1454,180
170,1454,2519
171,1454,2674
172,1454,479
173,1454,569
174,1454,3027
175,1454,1044
176,1454,1567
177,1454,2412
178,1454,2796
179,1454,1761
180,1454,490
181,1454,1234
182,1454,2006
183,1454,1144
184,1454,396
185,1454,2080
186,1454,3018
187,1454,1474
188,1454,2263
189,1454,233
190,1454,2818
191,1454,1469
192,1454,2498
193,1454,2276
194,1454,559
195,1454,1280
196,1454,634
197,1454,2266
198,1454,1457
199,1454,2705
200,1454,1752
201,1454,1404
202,1454,1335
203,1454,1275
204,1454,169
205,1454,195
206,1454,863
207,1454,1467
208,1454,249
209,1454,1592
210,1454,2542
211,1454,737
212,1454,1825
213,1454,2360
214,1454,720
215,1454,2051
216,1454,2114
217,1454,1253
218,1454,1453
219,1454,463
220,1454,401
221,1454,1227
222,1454,1706
223,1454,587
224,1454,2810
225,1454,527
226,1454,989
227,1454,1769
228,1454,3053
229,1454,841
230,1454,69
231,1454,1937
232,1454,692
233,1454,2631
234,1454,2338
235,1454,803
236,1454,1291
237,1454,375
238,1454,708
239,1454,946
240,1454,872
241,1454,2769
242,1454,1386
243,1454,1759
244,1454,437
245,1454,3142
246,1454,2297
247,1454,2246
248,1454,1732
249,1454,1733
250,1454,3104
251,1454,794
252,1454,1139
253,1454,3143
254,1454,3121
255,1730,1687
256,1730,1818
257,1730,2279
258,1730,2711
259,1730,2529
260,1730,1858
261,1730,2543
262,1730,1570
263,1730,2210
264,1730,2214
265,1730,1628
266,1730,2496
267,1730,1794
268,1730,2599
269,1730,2858
270,1730,3117
271,1730,2776
272,1730,1811
273,1730,2498
274,1730,1052
275,1730,3203
276,1730,2631
277,1730,3196
278,1476,1487
279,1476,282
280,1476,2036
281,1476,2261
282,1476,982
283,1476,514
284,1476,288
285,1476,3186
286,1476,2275
287,1476,555
288,1476,300
289,1476,3135
290,1476,2989
291,1476,1313
292,1476,1622
293,1476,1010
294,1476,1158
295,1476,1191
296,1476,1499
297,1476,3064
298,1476,1331
299,1476,1110
300,1476,489
301,1476,407
302,1476,609
303,1476,1905
304,1476,921
305,1476,2694
306,1476,2151
307,1476,1751
308,1476,1095
309,1476,810
310,1476,1764
311,1476,2472
312,1476,424
313,1476,979
314,1476,66
315,1476,3097
316,1476,752
317,1476,3086
318,1476,3102
319,1476,2745
320,1476,2085
321,1476,1426
322,1476,755
323,1476,1037
324,1476,1038
325,1476,2029
326,1476,2030
327,1476,1589
328,1459,517
329,1459,1714
330,1675,1930
331,1675,1792
332,1675,2241
333,1675,3188
334,1675,736
335,1675,1481
336,1872,2553
337,1872,742
338,1872,359
339,1872,2155
340,1872,2242
341,1872,804
342,1872,2487
343,1872,2708
344,2157,2101
345,2157,1052
346,766,2826
347,766,1092
348,766,2318
349,766,3005
350,3016,1637
351,3016,1278
352,3016,1194
353,3016,1083
354,3016,939
355,3016,1014
356,3016,2882
357,3016,2441
358,3016,2650
359,3016,1615
360,3016,2096
361,3016,106
362,3016,2827
363,3016,380
364,3016,1255
365,3016,678
366,3016,1715
367,3016,212
368,3016,3182
369,3016,243
370,3016,732
371,3016,2413
372,3016,805
373,3016,858
374,3016,2287
375,3016,1970
376,3016,2165
377,3016,3069
378,3016,2462
379,3016,199
380,3016,680
381,3016,2476
382,3016,2721
383,3016,1557
384,3016,2910
385,3016,457
386,3016,2945
387,3016,272
388,3016,1016
389,3016,2188
390,3016,567
391,3016,801
392,3016,1488
393,3016,1662
394,3016,2366
395,3016,2822
396,3016,1301
397,3016,583
398,3016,2569
399,3016,995
400,3016,1813
401,3016,1071
402,3016,3096
403,3016,2239
404,3016,3151
405,3016,2224
406,3016,247
407,3016,1538
408,3016,966
409,3016,585
410,3016,168
411,3016,1163
412,3016,1745
413,3016,257
414,3016,2486
415,3016,2808
416,3016,2638
417,3016,2580
418,3016,2710
419,3016,2042
420,3016,621
421,3016,3173
422,3016,638
423,3016,3190
424,3016,509
425,3016,1574
426,3016,490
427,3016,1721
428,3016,1091
429,3016,3068
430,3016,1531
431,3016,978
432,3016,1098
433,3016,2992
434,3016,1738
435,3016,2317
436,3016,1768
437,3016,2713
438,3016,1837
439,3016,1669
440,3016,1081
441,3016,599
442,3016,3177
443,3016,1851
444,3016,2997
445,3016,84
446,3016,1986
447,3016,2162
448,3016,3020
449,3016,171
450,3016,2432
451,3016,2075
452,3016,2390
453,3016,1190
454,3016,571
455,3016,1243
456,3016,1069
457,3016,3161
458,3016,2545
459,3016,496
460,3016,3174
461,3016,1360
462,3016,1374
463,3016,1868
464,3016,1629
465,3016,623
466,3016,2778
467,3016,2446
468,3016,2054
469,3016,2223
470,3016,2664
471,3016,493
472,3016,2723
473,3016,2928
474,3016,1314
475,3016,1667
476,3016,1668
477,3016,369
478,3016,1916
479,3016,1945
480,3016,2197
481,3016,3132
482,3016,3075
483,3016,2253
484,3016,1214
485,3016,2575
486,3016,2820
487,3016,2954
488,3016,1355
489,3016,1416
490,3016,2985
491,3016,1998
492,3016,440
493,3016,1418
494,3016,3007
495,3016,462
496,3016,1185
497,3016,374
498,2565,2391
499,2565,741
500,950,1876
501,950,1009
502,1796,2371
503,1796,1019
504,1796,1773
505,1796,891
506,1796,102
507,1796,1648
508,1796,1154
509,1796,54
510,1796,1838
511,1796,3080
512,1796,613
513,1796,1312
514,1796,2990
515,1796,819
516,1796,1877
517,1796,1073
518,1796,280
519,1796,1844
520,1796,2145
521,1796,123
522,1796,1011
523,1796,1609
524,1796,117
525,1796,141
526,1796,20
527,1796,417
528,1796,1707
529,1796,1334
530,1796,2350
531,1796,2669
532,2269,1683
533,2269,2397
534,2269,1750
535,1867,142
536,1867,178
537,1867,1631
538,1867,1885
539,1867,1770
540,1867,970
541,1867,2589
542,1867,1178
543,1867,1472
544,1867,2804
545,1867,3041
546,1867,64
547,1867,1040
548,1867,500
549,1867,2312
550,1867,2398
551,1867,38
552,1867,537
553,1867,268
554,1867,3054
555,1867,1922
556,1867,1059
557,1867,1346
558,1867,1289
559,1867,467
560,1867,3081
561,1867,39
562,709,432
563,709,1746
564,1409,422
565,1409,1353
566,993,2586
567,993,953
568,993,1790
569,993,1602
570,993,2426
571,1613,2064
572,1613,2707
573,1613,920
574,1613,1433
575,1613,2469
576,1613,1888
577,1613,3119
578,1613,2878
579,1613,218
580,1613,776
581,1613,581
582,1613,3168
583,1613,1820
584,1613,74
585,1613,1582
586,1613,1951
587,1613,1516
588,1613,1343
589,1613,899
590,1613,1199
591,1613,197
592,881,5
593,2854,1671
594,2854,2924
595,2854,2314
596,2854,2417
597,2563,318
598,2563,1133
599,2563,682
600,2563,1495
601,2563,716
602,2563,2193
603,2563,1611
604,2563,3070
605,2563,49
606,2563,2150
607,2563,3082
608,2563,1870
609,2563,1822
610,2563,1462
611,2563,2718
612,2563,3147
613,2563,2986
614,2563,448
615,2563,2520
616,2563,2752
617,2563,2507
618,2563,11
619,2563,3146
620,2563,1578
621,2563,220
622,2563,957
623,2563,1587
624,2563,1522
625,2563,2407
626,2563,1785
627,2563,1544
628,2563,2855
629,2563,3158
630,2563,2055
631,2563,868
632,15,880
633,15,1033
634,15,2805
635,15,1597
636,15,3093
637,15,60
638,15,914
639,15,815
640,15,339
641,15,2536
642,15,842
643,15,1379
644,15,2866
645,1536,1929
646,1536,2951
647,1536,2629
648,1487,282
649,1034,475
650,1034,2314
651,3194,307
652,1299,2345
653,1299,1959
654,1299,2281
655,1245,715
656,1245,666
657,2937,572
658,2937,940
659,2434,2711
660,2434,1157
661,2172,1930
662,2172,1221
663,2172,1763
664,2172,2939
665,2172,730
666,2172,2974
667,2172,2208
668,2172,1673
669,2172,1890
670,2172,1784
671,2172,1570
672,2172,2680
673,2172,1537
674,2172,521
675,2172,3035
676,2172,538
677,2172,553
678,2172,1461
679,2172,1057
680,2172,2198
681,2172,2222
682,2172,557
683,2172,1573
684,2840,359
685,1304,2534
686,1304,905
687,1304,2417
688,516,1039
689,516,1786
690,516,2498
691,2604,3082
692,727,1950
693,727,1434
694,727,736
695,727,346
696,727,2134
697,727,2715
698,2315,1072
699,2315,3159
700,2315,1475
701,2315,2213
702,2315,2086
703,2315,669
704,2315,2959
705,2579,190
706,2579,601
707,2579,2598
708,2579,2758
709,2349,350
710,2349,1019
711,2289,1990
712,2289,1734
713,1642,1060
714,388,1613
715,388,2658
716,2960,2588
717,2960,2268
718,2960,3167
719,2960,1913
720,2960,1484
721,2018,1347
722,2018,1614
723,2018,3033
724,2095,712
725,2095,1401
726,1650,2819
727,1650,428
728,1650,2933
729,1650,549
730,1650,2401
731,1650,2026
732,1650,3133
733,1650,1008
734,1650,205
735,1650,3077
736,1650,1249
737,1650,2203
738,1650,633
739,1650,594
740,2227,1088
741,835,648
742,835,681
743,835,1834
744,835,1212
745,835,2554
746,835,2780
747,835,2720
748,835,2841
749,835,2056
750,835,2916
751,1078,656
752,592,2861
753,592,736
754,592,909
755,592,58
756,2800,1019
757,2799,1556
758,589,1613
759,589,1830
760,318,2571
761,1586,1613
762,2440,1019
763,2440,2615
764,2440,866
765,2440,2880
766,393,2031
767,345,3018
768,1072,2578
769,1072,597
770,1072,2406
771,1072,2661
772,1072,487
773,1072,152
774,1072,2464
775,1072,781
776,1072,1310
777,1072,1183
778,1072,1440
779,1072,1380
780,1072,2867
781,1072,1705
782,1072,2952
783,1072,358
784,1072,2583
785,359,3175
786,359,661
787,359,1891
788,359,1210
789,359,3052
790,359,886
791,359,1012
792,359,395
793,797,825
794,1195,316
795,2361,289
796,1468,2026
797,1468,2996
798,3039,69
799,454,1483
800,454,1866
801,454,77
802,454,2109
803,454,1680
804,454,1500
805,454,1787
806,454,2089
807,454,974
808,454,627
809,454,192
810,454,2196
811,454,2033
812,454,2843
813,454,522
814,454,2908
815,454,2088
816,2946,1019
817,2946,3191
818,1958,1459
819,1305,895
820,1305,2525
821,598,738
822,598,2219
823,598,2534
824,598,412
825,2942,2501
826,2942,1076
827,2942,1523
828,2942,1030
829,2942,1661
830,2942,3106
831,2942,78
832,745,685
833,745,2777
834,745,973
835,745,749
836,745,302
837,745,1708
838,745,2024
839,745,670
840,745,1941
841,278,1459
842,278,2971
843,278,3133
844,278,526
845,278,1274
846,278,2861
847,278,2918
848,278,235
849,2002,2501
850,2002,295
851,2002,3028
852,2002,883
853,2002,1140
854,2002,1262
855,2002,1739
856,2002,2262
857,2002,2374
858,2002,3098
859,2002,2039
860,2002,542
861,2002,2508
862,2002,1240
863,2002,1948
864,2002,3157
865,2002,126
866,3175,1459
867,3175,1058
868,3175,30
869,3175,2527
870,3175,2861
871,3175,774
872,3175,715
873,3175,314
874,3175,2143
875,3175,2788
876,3175,498
877,3175,3106
878,3175,512
879,3175,1353
880,3175,2460
881,3175,1944
882,3175,558
883,3175,1504
884,3175,1282
885,646,237
886,646,1288
887,1590,1072
888,1590,637
889,1590,120
890,1858,1454
891,1858,2269
892,1858,2841
893,1858,245
894,1620,987
895,1620,1376
896,231,1487
897,231,1656
898,231,551
899,231,533
900,231,1067
901,231,1956
902,231,154
903,231,2965
904,231,1036
905,231,3042
906,231,2141
907,231,2173
908,231,3136
909,231,2485
910,231,2844
911,428,1822
912,2548,3125
913,2548,687
914,2548,1731
915,850,108
916,850,2014
917,850,3065
918,948,2041
919,948,1671
920,948,435
921,1514,1950
922,1514,3009
923,1495,2343
924,1495,3198
925,1495,1613
926,1495,1362
927,1495,2647
928,1495,210
929,1495,1975
930,1495,647
931,1495,879
932,1495,1987
933,1495,1406
934,2955,319
935,2098,1019
936,147,2208
937,845,2130
938,1254,736
939,2341,1994
940,2341,1391
941,2672,1613
942,688,608
943,688,720
944,165,361
945,165,400
946,165,2379
947,165,1129
948,165,711
949,1382,156
950,1382,378
951,2730,1257
952,2730,784
953,2730,2219
954,2730,2788
955,2730,3165
956,2730,303
957,658,1613
958,658,2611
959,2593,1811
960,2152,1265
961,1263,1468
962,1317,2984
963,1317,1801
964,1317,1394
965,1317,1794
966,1317,630
967,1317,878
968,1317,289
969,1317,445
970,105,1019
971,105,958
972,105,1765
973,105,109
974,105,3099
975,105,1129
976,2041,2032
977,1584,639
978,143,2935
979,2387,1613
980,2387,1017
981,1017,828
982,1795,1019
983,2574,432
984,7,283
985,25,1929
986,25,2750
987,25,1677
988,25,23
989,2491,1430
990,1332,1019
991,3113,1613
992,2153,1828
993,861,1750
994,771,635
995,771,2927
996,771,2479
997,771,1524
998,771,1490
999,771,2727
1000,771,2905
1001,771,1111
1002,460,328
1003,460,714
1004,2590,2072
1005,675,2256
1006,675,757
1007,675,371
1008,675,1839
1009,675,2427
1010,675,172
1011,675,2419
1012,675,796
1013,2484,1420
1014,2484,2121
1015,551,1814
1016,1850,3082
1017,2984,1672
1018,2971,1103
1019,2971,411
1020,2971,2566
1021,2971,2370
1022,2971,1202
1023,2971,2794
1024,2971,1717
1025,313,3207
1026,913,850
1027,913,2373
1028,913,1153
1029,913,1061
1030,913,1744
1031,913,1339
1032,3022,1613
1033,2869,850
1034,2869,1822
1035,2869,1744
1036,818,2176
1037,818,1419
1038,818,280
1039,2282,1769
1040,3046,744
1041,1904,1142
1042,829,1358
1043,533,1427
1044,533,308
1045,533,2111
1046,2549,122
1047,1552,1430
1048,1051,1613
1049,2352,1613
1050,2352,2264
1051,2207,1454
1052,2207,2235
1053,2207,1779
1054,2207,869
1055,2207,831
1056,2594,835
1057,2092,2897
1058,2092,116
1059,2092,2299
1060,2320,826
1061,3193,2288
1062,3193,2440
1063,3193,646
1064,3193,1382
1065,3193,2552
1066,3193,1926
1067,3193,959
1068,3193,1357
1069,3193,1264
1070,3193,1652
1071,3193,1812
1072,3193,734
1073,3193,10
1074,3193,1533
1075,3193,1288
1076,3193,1022
1077,3193,3108
1078,3193,1695
1079,3193,615
1080,3193,2624
1081,3193,1300
1082,3193,2190
1083,3193,2821
1084,3193,1054
1085,3193,1368
1086,3193,255
1087,3193,1775
1088,3193,1228
1089,3193,1097
1090,3193,2790
1091,3193,512
1092,3193,565
1093,3193,1949
1094,3193,2077
1095,3193,3061
1096,3193,2794
1097,3193,2357
1098,3193,977
1099,3193,1047
1100,3193,112
1101,3193,2807
1102,3193,1208
1103,3193,1136
1104,3193,1337
1105,3193,3136
1106,3193,333
1107,3193,1664
1108,3193,2646
1109,3193,1327
1110,3193,2139
1111,3193,32
1112,3193,1205
1113,3193,482
1114,3193,2059
1115,3193,2202
1116,3193,1235
1117,3193,184
1118,3193,303
1119,3193,2613
1120,3193,942
1121,3193,1266
1122,3193,631
1123,3193,2148
1124,3193,1702
1125,3193,1143
1126,3193,808
1127,3193,2618
1128,3193,2923
1129,3193,1477
1130,931,2708
1131,240,192
1132,1465,2235
1133,2456,3175
1134,164,710
1135,164,237
1136,164,2321
1137,2740,2999
1138,2740,2324
1139,2740,2665
1140,2740,2831
1141,2740,1560
1142,2740,2891
1143,2740,2977
1144,2740,2478
1145,2740,1442
1146,2740,1682
1147,2740,1501
1148,2740,2516
1149,2740,1387
1150,2740,941
1151,2740,1330
1152,2740,938
1153,2740,2562
1154,2740,1960
1155,2740,1295
1156,1588,1497
1157,2284,1613
1158,2284,3194
1159,2284,1509
1160,2284,1425
1161,1856,140
1162,1365,2314
1163,2896,2131
1164,2896,1507
1165,2896,2370
1166,2896,3206
1167,1736,513
1168,1736,1963
1169,1736,363
1170,1736,276
1171,1736,176
1172,1736,2636
1173,1736,1747
1174,1736,426
1175,1736,1391
1176,1736,753
1177,1736,402
1178,2184,863
1179,936,2063
1180,936,3114
1181,936,1627
1182,963,656
1183,963,1009
1184,2226,883
1185,2859,2036
1186,2859,1765
1187,2283,2553
1188,2283,1929
1189,2283,1299
1190,2283,2898
1191,2283,2964
1192,2283,2585
1193,2283,547
1194,2283,745
1195,2283,456
1196,2283,850
1197,2283,1344
1198,2283,2603
1199,2283,59
1200,2283,1670
1201,2283,131
1202,2283,1835
1203,2283,1395
1204,2283,2830
1205,2283,2886
1206,2283,2212
1207,2283,806
1208,2283,2980
1209,2283,1108
1210,2283,1636
1211,2283,564
1212,2283,82
1213,2283,1421
1214,230,1746
1215,230,632
1216,408,2235
1217,2490,1776
1218,2490,2960
1219,2490,2076
1220,2490,1527
1221,2490,747
1222,2490,2481
1223,2490,2368
1224,2490,1192
1225,2490,2798
1226,2490,25
1227,2490,1286
1228,2490,2971
1229,2490,313
1230,2490,2079
1231,2490,2303
1232,2490,622
1233,2490,1865
1234,2490,2061
1235,2490,975
1236,2490,2606
1237,2490,2734
1238,2490,1849
1239,2490,602
1240,2490,1991
1241,2490,722
1242,2490,539
1243,2490,2439
1244,2490,2205
1245,2490,2112
1246,2490,2929
1247,2490,2663
1248,2490,2981
1249,2490,469
1250,2490,340
1251,2490,576
1252,2490,3148
1253,2490,884
1254,2490,2573
1255,2490,2286
1256,2490,1600
1257,2490,2528
1258,2490,1874
1259,2490,1938
1260,2490,2532
1261,2490,2976
1262,2490,2833
1263,2490,1634
1264,2490,2917
1265,2490,748
1266,2490,2660
1267,2490,3100
1268,2490,2516
1269,2490,676
1270,2490,2305
1271,2490,1090
1272,2490,2019
1273,2490,904
1274,2490,2463
1275,2490,1430
1276,2490,113
1277,2490,1596
1278,2490,3036
1279,2490,1594
1280,2490,2495
1281,2490,1393
1282,2490,85
1283,2490,194
1284,2490,2877
1285,2490,2498
1286,2490,2257
1287,2490,3040
1288,2490,1322
1289,2490,911
1290,2490,1881
1291,2490,923
1292,2490,671
1293,2490,294
1294,2490,483
1295,2490,202
1296,2490,645
1297,2490,759
1298,2490,3047
1299,2490,2419
1300,2490,360
1301,2490,2555
1302,2490,1909
1303,2490,1446
1304,2490,1270
1305,2490,2848
1306,2490,2731
1307,2400,601
1308,2400,2196
1309,2900,2534
1310,2900,1060
1311,701,2175
1312,701,2943
1313,2586,3123
1314,2201,2173
1315,1581,952
1316,1581,601
1317,1581,1806
1318,1581,335
1319,1581,2536
1320,1581,89
1321,1581,3049
1322,1581,130
1323,1581,1604
1324,1581,1848
1325,2591,2971
1326,2591,1306
1327,2962,3016
1328,731,950
1329,731,2889
1330,2140,601
1331,2140,1268
1332,2140,1658
1333,2140,2126
1334,2140,2339
1335,2140,1184
1336,2140,729
1337,2140,772
1338,2140,915
1339,2140,2901
1340,2140,432
1341,2140,1050
1342,2140,2493
1343,2140,1979
1344,2140,2159
1345,2140,344
1346,2140,961
1347,2140,1408
1348,1900,2090
1349,1900,135
1350,541,229
1351,2602,2900
1352,2602,2762
1353,422,2634
1354,422,950
1355,422,2854
1356,422,1152
1357,422,1515
1358,422,2146
1359,422,1221
1360,422,321
1361,422,216
1362,422,510
1363,422,1584
1364,422,2169
1365,422,2979
1366,422,2392
1367,422,624
1368,422,1032
1369,422,27
1370,422,2752
1371,422,662
1372,422,798
1373,422,1725
1374,422,3085
1375,422,2969
1376,422,2637
1377,422,226
1378,40,875
1379,2974,1613
1380,2860,225
1381,2860,1512
1382,2860,2322
1383,1542,783
1384,67,2597
1385,1307,2632
1386,1478,1613
1387,1701,1794
1388,1701,1614
1389,1673,1019
1390,2160,1482
1391,2160,429
1392,2160,2824
1393,2160,1798
1394,2160,1895
1395,2160,3184
1396,2160,3162
1397,2160,994
1398,2160,2328
1399,2160,2403
1400,2160,657
1401,2160,2692
1402,2160,1898
1403,650,432
1404,650,1513
1405,470,795
1406,470,637
1407,470,2175
1408,1164,1430
1409,3116,2347
1410,3116,347
1411,2285,3135
1412,406,2347
1413,3091,1307
1414,3072,787
1415,1956,2304
1416,1956,2318
1417,2131,1019
1418,1635,1613
1419,825,2208
1420,97,143
1421,2518,1019
1422,3195,1613
1423,2949,1065
1424,2949,1942
1425,2104,1688
1426,2104,1375
1427,2754,2126
1428,830,2208
1429,158,2117
1430,2936,3179
1431,3163,2311
1432,3163,1248
1433,3163,2916
1434,959,1673
1435,959,2987
1436,1127,2225
1437,1127,1794
1438,1127,2396
1439,1127,1717
1440,449,1019
1441,1242,1466
1442,1242,2221
1443,1242,1546
1444,1242,2670
1445,1242,1198
1446,1242,292
1447,1242,1130
1448,1242,1968
1449,1242,969
1450,1242,3043
1451,1242,1522
1452,1242,394
1453,1242,2687
1454,1242,626
1455,1242,822
1456,1242,947
1457,1242,1146
1458,1242,1899
1459,1242,1414
1460,1242,1749
1461,1242,1712
1462,1242,2115
1463,1242,281
1464,1242,305
1465,2729,1613
1466,2729,2192
1467,765,1748
1468,2547,2102
1469,2547,2850
1470,2547,432
1471,2547,713
1472,2547,2325
1473,2649,1019
1474,2614,2708
1475,3082,1559
1476,322,2927
1477,322,530
1478,322,2693
1479,322,1762
1480,322,1398
1481,322,606
1482,322,1424
1483,322,214
1484,322,2418
1485,322,2420
1486,322,2421
1487,322,138
1488,322,136
1489,322,2577
1490,322,3025
1491,322,244
1492,322,248
1493,3205,1644
1494,3205,1821
1495,140,648
1496,140,1889
1497,140,2434
1498,140,282
1499,140,607
1500,140,1925
1501,140,2037
1502,140,2900
1503,140,2586
1504,140,2208
1505,140,1550
1506,140,3002
1507,140,3205
1508,140,1788
1509,140,3087
1510,140,578
1511,140,724
1512,140,2995
1513,140,26
1514,140,3063
1515,140,475
1516,140,524
1517,140,3122
1518,140,432
1519,140,1765
1520,140,914
1521,140,2863
1522,140,2626
1523,140,2190
1524,140,2786
1525,140,2698
1526,140,3100
1527,140,419
1528,140,518
1529,140,944
1530,140,1754
1531,140,2998
1532,140,983
1533,140,2327
1534,140,3165
1535,140,594
1536,140,87
1537,140,1273
1538,140,1122
1539,140,452
1540,140,1572
1541,72,1258
1542,72,76
1543,277,2208
1544,1030,1912
1545,3008,1789
1546,3008,3051
1547,2956,2012
1548,1812,2012
1549,1812,3046
1550,642,1950
1551,642,2036
1552,642,694
1553,642,1864
1554,642,1002
1555,642,2483
1556,642,1901
1557,779,2205
1558,2792,1613
1559,1456,3145
1560,2944,1471
1561,2944,1009
1562,2944,208
1563,2944,1207
1564,3045,2040
1565,3045,57
1566,3045,914
1567,3045,183
1568,499,2746
1569,499,1237
1570,499,1656
1571,499,2988
1572,499,935
1573,499,867
1574,499,2971
1575,499,2974
1576,499,2668
1577,499,1288
1578,499,2321
1579,499,2354
1580,499,2620
1581,499,1775
1582,499,225
1583,1265,1943
1584,1265,1309
1585,1265,183
1586,1265,2959
1587,1689,1442
1588,2897,1411
1589,2897,949
1590,2897,2662
1591,2897,3124
1592,2897,43
1593,2897,1625
1594,2897,2757
1595,2897,3090
1596,2897,1219
1597,2897,2092
1598,2897,61
1599,2897,602
1600,2897,1606
1601,2897,177
1602,2897,1822
1603,2897,690
1604,2897,2112
1605,2897,83
1606,2897,3037
1607,2897,503
1608,2897,812
1609,2897,2512
1610,2897,2806
1611,2897,459
1612,2897,852
1613,2897,2514
1614,2897,1115
1615,2897,916
1616,2897,2427
1617,2897,2683
1618,2897,1229
1619,2897,1285
1620,2897,1553
1621,2897,443
1622,2897,917
1623,2897,1660
1624,2897,2509
1625,2897,3180
1626,2897,1246
1627,2897,2919
1628,2897,47
1629,2897,1101
1630,2897,2961
1631,2897,418
1632,2897,665
1633,2897,1922
1634,2897,1013
1635,2897,2293
1636,2897,395
1637,2897,2555
1638,2897,2363
1639,2897,2653
1640,2897,495
1641,590,1166
1642,2376,1613
1643,2376,2691
1644,161,1019
1645,135,948
1646,511,1019
1647,2876,1019
1648,2876,2812
1649,319,1430
1650,2927,1019
1651,1290,2529
1652,1290,1612
1653,1429,2175
1654,1729,1353
1655,213,1550
1656,1223,1400
1657,1223,2690
1658,1223,203
1659,1223,3164
1660,1223,389
1661,1223,1
1662,1223,2789
1663,1223,2534
1664,1223,1549
1665,1223,289
1666,1223,1023
1667,1223,2417
1668,1223,193
1669,1223,18
1670,163,1730
1671,45,1373
1672,1563,712
1673,1563,1096
1674,1563,1196
1675,1563,246
1676,1563,1142
1677,1563,436
1678,1563,3187
1679,1563,1599
1680,1563,725
1681,1563,1645
1682,856,1522
1683,856,1402
1684,2442,445
1685,2137,2300
1686,1186,1613
1687,1169,2081
1688,1169,1361
1689,886,1880
1690,886,2377
1691,886,2751
1692,886,1534
1693,886,2038
1694,2753,2333
1695,2753,1265
1696,3176,1019
1697,3176,1846
1698,584,1613
1699,584,1031
1700,2531,1746
1701,413,2353
1702,1491,1123
1703,433,1796
1704,433,1684
1705,433,1929
1706,433,673
1707,433,200
1708,433,2072
1709,433,310
1710,433,1700
1711,433,488
1712,433,1704
1713,433,5
1714,433,2130
1715,433,1181
1716,433,1180
1717,433,792
1718,433,2003
1719,433,2564
1720,433,1655
1721,433,2391
1722,433,1995
1723,433,2016
1724,433,1646
1725,433,1966
1726,433,2533
1727,433,2308
1728,433,2415
1729,433,446
1730,433,1919
1731,433,1358
1732,433,474
1733,433,2437
1734,433,1505
1735,433,2708
1736,433,2078
1737,433,2459
1738,433,1396
1739,433,1486
1740,433,545
1741,433,2561
1742,433,1879
1743,433,2875
1744,433,3013
1745,433,1006
1746,433,1528
1747,433,2906
1748,433,2914
1749,433,1922
1750,433,3128
1751,433,2465
1752,433,2419
1753,433,502
1754,433,2057
1755,433,2555
1756,433,1508
1757,433,1189
1758,433,2453
1759,1551,2394
1760,2520,2502
1761,699,1007
1762,699,2681
1763,1992,2151
1764,532,1613
1765,2752,1390
1766,2752,2597
1767,2752,2652
1768,2752,2364
1769,2752,1985
1770,667,1019
1771,667,2677
1772,667,1543
1773,1616,1906
1774,35,2559
1775,35,467
1776,35,1341
1777,403,2321
1778,2830,773
1779,2830,2630
1780,2830,1173
1781,2830,2405
1782,2830,811
1783,2830,2118
1784,2830,2671
1785,2830,2231
1786,2830,2835
1787,2830,1233
1788,2830,1619
1789,2830,1135
1790,2830,2607
1791,2830,2272
1792,2830,2584
1793,2830,1026
1794,2830,1001
1795,2830,1213
1796,2830,2678
1797,2830,2815
1798,2830,1742
1799,2830,377
1800,2830,1134
1801,2830,42
1802,2830,353
1803,2830,2295
1804,2830,520
1805,2830,851
1806,2830,2627
1807,2830,1407
1808,2830,1617
1809,2830,2515
1810,2830,1109
1811,2830,3160
1812,2830,2500
1813,2830,2645
1814,2830,1435
1815,2830,466
1816,2830,2108
1817,2830,1319
1818,2830,733
1819,2830,2864
1820,2830,336
1821,2830,837
1822,2830,1957
1823,2830,618
1824,2830,617
1825,2830,1241
1826,2830,2171
1827,2830,2348
1828,2830,2592
1829,2830,414
1830,2830,2930
1831,2830,1399
1832,2830,897
1833,2830,2206
1834,2830,2124
1835,2830,2316
1836,2830,223
1837,2830,1911
1838,2830,1917
1839,2830,497
1840,2830,1119
1841,2830,888
1842,2830,1875
1843,2830,1861
1844,2830,2187
1845,2393,646
1846,2393,2047
1847,2393,2048
1848,2393,2119
1849,2393,2510
1850,2393,432
1851,2393,2209
1852,2393,2175
1853,2393,34
1854,2393,2358
1855,2845,2971
1856,2587,1459
1857,469,2230
1858,469,3116
1859,469,1624
1860,1480,183
1861,515,1019
1862,664,1613
1863,1201,1717
1864,1767,1650
1865,1794,1318
1866,1794,2971
1867,1794,714
1868,1794,1436
1869,2017,2073
1870,1681,1082
1871,1681,872
1872,290,2448
1873,290,371
1874,290,997
1875,290,2034
1876,290,379
1877,290,500
1878,290,596
1879,290,2874
1880,1117,2020
1881,2252,1720
1882,2252,2657
1883,2252,2722
1884,368,1613
1885,2385,1100
1886,2385,2347
1887,2385,188
1888,2385,2252
1889,2385,1678
1890,2385,2060
1891,2027,1019
1892,1725,1215
1893,1725,1997
1894,1725,415
1895,1725,1753
1896,1725,1171
1897,1725,2872
1898,1725,2847
1899,1725,261
1900,2957,1613
1901,2957,2971
1902,2957,1239
1903,2957,2443
1904,2957,525
1905,2957,100
1906,2957,1603
1907,2957,2331
1908,2957,397
1909,2675,2497
1910,2675,1167
1911,2675,981
1912,2091,1902
1913,2803,1548
1914,2803,1640
1915,2803,763
1916,2803,2128
1917,2803,1737
1918,2803,1063
1919,2803,1443
1920,2803,3185
1921,2803,1294
1922,2803,2010
1923,2803,1517
1924,2803,3089
1925,2803,1539
1926,2803,2277
1927,2803,2270
1928,2803,2000
1929,2803,2161
1930,2803,1896
1931,2803,896
1932,2803,1781
1933,2803,1287
1934,2803,2616
1935,2803,229
1936,2803,3032
1937,2803,1939
1938,2803,1696
1939,2803,416
1940,2436,160
1941,2436,1431
1942,2436,3153
1943,2436,1640
1944,2436,1179
1945,2436,535
1946,2436,2388
1947,2436,2881
1948,2436,700
1949,2436,1933
1950,2436,450
1951,2436,1161
1952,2436,265
1953,2436,1292
1954,2436,2290
1955,2436,1816
1956,2573,1804
1957,2142,893
1958,2142,2548
1959,2142,2490
1960,1138,999
1961,1231,1613
1962,1805,1019
1963,1955,432
1964,2761,3212
1965,873,1019
1966,2760,1417
1967,2760,2175
1968,3179,1019
1969,3179,2070
1970,3179,524
1971,2271,1656
1972,2271,817
1973,2271,105
1974,2271,2913
1975,2271,3188
1976,2271,1828
1977,1088,2294
1978,1088,2135
1979,1088,2100
1980,1088,2912
1981,1088,922
1982,1088,1055
1983,1088,1045
1984,1088,2444
1985,1088,1356
1986,1088,2050
1987,1088,1494
1988,1088,3074
1989,1088,2801
1990,1088,2535
1991,1088,1250
1992,1088,431
1993,1088,2871
1994,1088,1511
1995,1088,3201
1996,1088,275
1997,1088,2557
1998,2551,1940
1999,2551,905
2000,3066,2563
2001,107,712
2002,107,28
2003,1506,1822
2004,640,1613
2005,640,1692
2006,3023,61
2007,655,2483
2008,736,2116
2009,736,1456
2010,736,2219
2011,1261,767
2012,1261,2530
2013,1261,1045
2014,2703,566
2015,2703,1579
2016,2234,2949
2017,1363,1019
2018,1363,2367
2019,2310,321
2020,2310,400
2021,2323,1613
2022,1247,1019
2023,2163,1460
2024,2163,432
2025,2163,2788
2026,186,2143
2027,945,832
2028,209,1019
2029,1697,1019
2030,392,3082
2031,392,2787
2032,2133,2568
2033,2133,460
2034,2133,187
2035,2133,2539
2036,86,1929
2037,86,2834
2038,1808,1725
2039,3137,1019
2040,1855,712
2041,1855,2779
2042,1690,2850
2043,3056,2828
2044,3056,1842
2045,3056,575
2046,3056,2302
2047,3056,705
2048,3056,2756
2049,3056,149
2050,3056,768
2051,3056,844
2052,3056,2164
2053,3056,2248
2054,3056,1657
2055,3056,2582
2056,3056,2567
2057,3056,2326
2058,3056,221
2059,3056,2704
2060,3056,2742
2061,3056,706
2062,3056,3060
2063,3056,1883
2064,3056,1568
2065,3056,441
2066,3056,2644
2067,3056,3129
2068,3056,1978
2069,3056,543
2070,3056,1388
2071,3056,227
2072,3056,306
2073,3056,2983
2074,3056,181
2075,3056,718
2076,3056,874
2077,3056,1703
2078,3056,1800
2079,3056,1079
2080,3056,910
2081,3056,898
2082,3056,906
2083,3056,2267
2084,3056,1952
2085,3056,157
2086,3056,1719
2087,3056,2991
2088,3056,3076
2089,3056,224
2090,3056,1209
2091,3056,778
2092,3056,491
2093,3056,2247
2094,3056,201
2095,3056,1934
2096,3056,1378
2097,3056,2902
2098,3056,3127
2099,3056,2244
2100,3056,2659
2101,3056,1757
2102,3056,129
2103,3056,593
2104,3056,125
2105,3056,2218
2106,3056,1124
2107,3056,1200
2108,3056,528
2109,3056,986
2110,3056,2043
2111,3056,1107
2112,3056,2766
2113,3056,702
2114,3056,94
2115,3056,21
2116,3056,1685
2117,3056,1222
2118,3056,2560
2119,3056,955
2120,3056,2488
2121,3056,1836
2122,3056,2067
2123,3056,390
2124,3056,659
2125,3056,2608
2126,3056,2461
2127,3056,616
2128,3056,2236
2129,3056,2940
2130,3056,1529
2131,3056,1230
2132,3056,556
2133,3056,1601
2134,3056,2062
2135,3056,689
2136,3056,1565
2137,3056,3011
2138,3056,636
2139,3056,1698
2140,3056,342
2141,3056,2243
2142,3056,1962
2143,3056,1799
2144,3056,2416
2145,3056,2737
2146,3056,2772
2147,3056,2770
2148,3056,2473
2149,3056,2470
2150,3056,2185
2151,3056,2178
2152,3056,1415
2153,3056,1366
2154,3056,2610
2155,3056,1699
2156,3056,16
2157,3056,2932
2158,3056,1120
2159,3056,2455
2160,3056,677
2161,3056,3169
2162,3056,286
2163,3056,2068
2164,3056,279
2165,3056,121
2166,3056,2166
2167,3056,453
2168,3056,1149
2169,3056,1558
2170,3056,304
2171,3056,1075
2172,3056,478
2173,3056,652
2174,3056,651
2175,3056,649
2176,3056,476
2177,3056,838
2178,3056,839
2179,3056,840
2180,3056,2424
2181,3056,1633
2182,3056,2612
2183,3056,887
2184,3056,889
2185,3056,2689
2186,3056,1709
2187,3056,2628
2188,3056,2306
2189,3056,2970
2190,3056,2633
2191,3056,3010
2192,3056,485
2193,3056,486
2194,3056,3071
2195,3056,2853
2196,3056,2186
2197,3056,2522
2198,3056,150
2199,3056,341
2200,3056,882
2201,3056,1385
2202,3056,751
2203,3056,800
2204,3056,2802
2205,3056,1193
2206,3056,870
2207,3056,1218
2208,3056,1217
2209,3056,605
2210,3056,2958
2211,3056,3189
2212,3056,1972
2213,3056,1973
2214,3056,1976
2215,3056,1977
2216,3056,2066
2217,3056,877
2218,3056,876
2219,3056,2517
2220,3056,2084
2221,3056,1780
2222,3056,1540
2223,3056,260
2224,3056,80
2225,3056,2925
2226,3056,3109
2227,3056,2842
2228,3056,2237
2229,3056,362
2230,3056,63
2231,3056,1882
2232,3056,988
2233,3056,3006
2234,3056,2450
2235,3056,2449
2236,3056,1405
2237,3056,1041
2238,3056,1043
2239,3056,1042
2240,3056,71
2241,3056,1271
2242,3056,2189
2243,3056,139
2244,3056,600
2245,3056,836
2246,3056,3026
2247,3056,1647
2248,3056,2743
2249,3056,118
2250,3056,1618
2251,3056,2482
2252,3056,291
2253,3056,1450
2254,3056,253
2255,3056,252
2256,3056,2558
2257,3056,1547
2258,3056,1824
2259,3056,885
2260,3056,574
2261,3056,2725
2262,595,1019
2263,1575,1613
2264,1371,1613
2265,756,1019
2266,954,2492
2267,806,2120
2268,806,12
2269,806,1352
2270,806,3118
2271,806,329
2272,806,399
2273,806,2228
2274,806,222
2275,806,2511
2276,806,211
2277,806,2684
2278,806,1018
2279,806,3088
2280,806,2216
2281,234,2393
2282,1188,2643
2283,1188,904
2284,364,1822
2285,1832,1906
2286,2240,1822
2287,471,1613
2288,2521,901
2289,815,743
2290,815,1579
2291,815,299
2292,3192,2971
2293,707,2524
2294,707,2396
2295,707,2968
2296,339,338
2297,339,3138
2298,339,2885
2299,2318,1254
2300,2318,1342
2301,2318,743
2302,2318,1444
2303,1277,1650
2304,1892,1613
2305,2106,1822
2306,3101,3165
2307,2346,2563
2308,2219,1121
2309,1915,1613
2310,1004,890
2311,1004,1653
2312,1004,70
2313,301,1822
2314,1005,1019
2315,473,868
2316,1413,2090
2317,2071,1019
2318,1056,1542
2319,1056,1028
2320,1056,933
2321,1056,119
2322,1639,1613
2323,1272,210
2324,1561,2740
2325,965,361
2326,2254,1867
2327,2342,2235
2328,1927,113
2329,2708,137
2330,2708,1340
2331,2708,1029
2332,2708,767
2333,2708,2176
2334,2708,1924
2335,2708,951
2336,2708,735
2337,2708,2817
2338,2708,90
2339,2708,2662
2340,2708,2422
2341,2708,2301
2342,2708,1279
2343,2708,1068
2344,2708,1840
2345,2708,2799
2346,2708,862
2347,2708,468
2348,2708,843
2349,2708,1988
2350,2708,2381
2351,2708,1381
2352,2708,1887
2353,2708,1369
2354,2708,2972
2355,2708,1815
2356,2708,182
2357,2708,1086
2358,2708,1974
2359,2708,189
2360,2708,859
2361,2708,1256
2362,2708,2938
2363,2708,1677
2364,2708,721
2365,2708,3030
2366,2708,985
2367,2708,36
2368,2708,1148
2369,2708,1451
2370,2708,696
2371,2708,2092
2372,2708,2061
2373,2708,2082
2374,2708,3012
2375,2708,3140
2376,2708,1995
2377,2708,2292
2378,2708,204
2379,2708,2477
2380,2708,960
2381,2708,56
2382,2708,1210
2383,2708,2309
2384,2708,2623
2385,2708,1923
2386,2708,2494
2387,2708,2255
2388,2708,72
2389,2708,381
2390,2708,2365
2391,2708,1370
2392,2708,1793
2393,2708,68
2394,2708,1311
2395,2708,1853
2396,2708,2087
2397,2708,886
2398,2708,413
2399,2708,1112
2400,2708,2899
2401,2708,198
2402,2708,1236
2403,2708,2414
2404,2708,992
2405,2708,3155
2406,2708,1423
2407,2708,2447
2408,2708,254
2409,2708,683
2410,2708,2093
2411,2708,930
2412,2708,206
2413,2708,2622
2414,2708,2415
2415,2708,3050
2416,2708,2699
2417,2708,2836
2418,2708,1182
2419,2708,451
2420,2708,2528
2421,2708,1791
2422,2708,1089
2423,2708,262
2424,2708,258
2425,2708,459
2426,2708,1803
2427,2708,2546
2428,2708,317
2429,2708,1740
2430,2708,1802
2431,2708,1663
2432,2708,2369
2433,2708,477
2434,2708,3120
2435,2708,1372
2436,2708,1863
2437,2708,2600
2438,2708,434
2439,2708,3015
2440,2708,2023
2441,2708,1691
2442,2708,764
2443,2708,1852
2444,2708,1494
2445,2708,474
2446,2708,570
2447,2708,3202
2448,2708,1496
2449,2708,2471
2450,2708,1147
2451,2708,50
2452,2708,643
2453,2708,2697
2454,2708,1591
2455,2708,2868
2456,2708,1608
2457,2708,1623
2458,2708,2903
2459,2708,3103
2460,2708,894
2461,2708,2250
2462,2708,548
2463,2708,2097
2464,2708,1774
2465,2708,697
2466,2708,2837
2467,2708,3107
2468,2708,1145
2469,2708,2145
2470,2708,785
2471,2708,372
2472,2708,644
2473,2708,611
2474,2708,2180
2475,2708,1084
2476,2708,3014
2477,2708,2941
2478,2708,2103
2479,2708,1553
2480,2708,3111
2481,2708,1969
2482,2708,207
2483,2708,726
2484,2708,2719
2485,2708,2107
2486,2708,775
2487,2708,907
2488,2708,95
2489,2708,2232
2490,2708,2260
2491,2708,1260
2492,2708,1782
2493,2708,1463
2494,2708,917
2495,2708,1718
2496,2708,1422
2497,2708,2122
2498,2708,283
2499,2708,1350
2500,2708,1921
2501,2708,984
2502,2708,500
2503,2708,1410
2504,2708,2654
2505,2708,215
2506,2708,55
2507,2708,2435
2508,2708,398
2509,2708,508
2510,2708,1711
2511,2708,3084
2512,2708,298
2513,2708,2768
2514,2708,2795
2515,2708,2191
2516,2708,934
2517,2708,2676
2518,2708,2332
2519,2708,37
2520,2708,2550
2521,2708,550
2522,2708,1724
2523,2708,2334
2524,2708,1541
2525,2708,2158
2526,2708,2541
2527,2708,2117
2528,2708,3000
2529,2708,1881
2530,2708,2751
2531,2708,826
2532,2708,1126
2533,2708,267
2534,2708,2747
2535,2708,323
2536,2708,1302
2537,2708,3067
2538,2708,996
2539,2708,202
2540,2708,665
2541,2708,1391
2542,2708,580
2543,2708,1160
2544,2708,1928
2545,2708,2457
2546,2708,1013
2547,2708,29
2548,2708,104
2549,2708,2375
2550,2708,2138
2551,2708,2136
2552,2708,2229
2553,2708,2513
2554,2708,628
2555,2708,275
2556,2708,1694
2557,2708,2717
2558,2708,1046
2559,2708,1389
2560,2708,529
2561,2708,2857
2562,2708,2057
2563,2708,2555
2564,2708,284
2565,2708,2363
2566,2708,2648
2567,2708,2595
2568,2708,2156
2569,2708,2480
2570,2708,2825
2571,2708,2764
2572,2708,2712
2573,2708,1035
2574,2708,330
2575,2708,287
2576,2708,770
2577,2708,1520
2578,2708,2851
2579,2708,370
2580,2708,2378
2581,2708,686
2582,2708,1323
2583,2708,750
2584,2708,846
2585,2708,376
2586,2708,75
2587,2708,3154
2588,2708,3003
2589,2708,2007
2590,654,385
2591,902,1019
2592,2408,3175
2593,3197,1019
2594,1375,932
2595,1375,1932
2596,1375,2966
2597,1375,943
2598,1375,2785
2599,1375,348
2600,1375,1197
2601,1375,236
2602,1375,1175
2603,1375,2739
2604,1375,3029
2605,1375,334
2606,1375,833
2607,1375,1142
2608,1375,903
2609,1375,2523
2610,1375,6
2611,1375,1564
2612,1375,823
2613,1375,1129
2614,1375,404
2615,1375,1937
2616,1375,1585
2617,2516,3110
2618,2516,2816
2619,1147,3080
2620,1147,1150
2621,1147,376
2622,1108,1105
2623,1108,2993
2624,1108,2170
2625,1108,1445
2626,562,2252
2627,1636,1284
2628,1636,2094
2629,1636,924
2630,1636,410
2631,1244,2987
2632,878,2597
2633,878,1521
2634,1225,2812
2635,2336,295
2636,297,1613
2637,419,1906
2638,419,2399
2639,1485,1254
2640,1485,2873
2641,1137,1579
2642,2736,2347
2643,2736,373
2644,2736,1653
2645,2736,1009
2646,2736,115
2647,2736,587
2648,2736,991
2649,2736,2696
2650,2258,1878
2651,2258,328
2652,2258,2271
2653,2258,2211
2654,754,1195
2655,754,566
2656,754,1579
2657,754,552
2658,927,1613
2659,2105,2245
2660,2105,2926
2661,2105,591
2662,2105,1428
2663,2105,53
2664,2105,1177
2665,2105,1503
2666,2105,1053
2667,2105,3200
2668,2105,1831
2669,2105,1293
2670,2105,1084
2671,2105,2884
2672,2105,1174
2673,2105,1049
2674,2105,508
2675,2105,746
2676,2105,1432
2677,2105,1928
2678,2105,442
2679,2105,813
2680,2105,1059
2681,2105,2452
2682,2105,402
2683,793,445
2684,2922,2436
2685,1598,1613
2686,1024,1613
2687,356,332
2688,356,1150
2689,2220,1003
2690,2220,2304
2691,2744,200
2692,2744,2235
2693,871,122
2694,2625,1019
2695,52,2017
2696,52,2217
2697,52,18
2698,1638,1195
2699,1638,1579
2700,1638,1910
2701,1638,3211
2702,2682,1019
2703,2642,2749
2704,2642,2015
2705,2642,650
2706,2642,2788
2707,480,1216
2708,480,273
2709,480,2534
2710,480,2330
2711,480,3106
2712,2167,2706
2713,2167,2895
2714,2167,2856
2715,2167,2215
2716,2167,3047
2717,2814,1613
2718,311,1019
2719,834,2570
2720,2781,1019
2721,349,687
2722,1566,1613
2723,2195,2939
2724,1430,2939
2725,1430,33
2726,1430,2572
2727,1430,173
2728,1430,2425
2729,1430,2008
2730,1430,1579
2731,1430,1413
2732,1430,2355
2733,1430,2755
2734,1430,2641
2735,1430,2987
2736,1430,2383
2737,1430,1353
2738,1430,614
2739,1430,998
2740,1760,1077
2741,1228,2759
2742,1228,1019
2743,1228,2392
2744,1228,2347
2745,1228,1456
2746,1228,1746
2747,1228,2402
2748,1228,445
2749,853,791
2750,853,1283
2751,853,540
2752,853,1771
2753,853,2169
2754,853,1869
2755,853,1155
2756,853,2110
2757,853,1686
2758,853,2726
2759,256,143
2760,490,987
2761,2265,2849
2762,1984,2490
2763,1758,285
2764,1758,3
2765,1758,283
2766,1758,2125
2767,1580,1676
2768,1580,1397
2769,1580,1220
2770,1580,160
2771,1580,1535
2772,1580,2154
2773,1580,523
2774,1580,1548
2775,1580,2947
2776,1580,2497
2777,1580,3153
2778,1580,1167
2779,1580,2503
2780,1580,1654
2781,1580,1737
2782,1580,1099
2783,1580,535
2784,1580,14
2785,1580,2052
2786,1580,1571
2787,1580,2423
2788,1580,1063
2789,1580,1723
2790,1580,2716
2791,1580,103
2792,1580,2920
2793,1580,693
2794,1580,2904
2795,1580,427
2796,1580,2967
2797,1580,174
2798,1580,48
2799,1580,3078
2800,1580,964
2801,1580,3115
2802,1580,274
2803,1580,816
2804,1580,700
2805,1580,423
2806,1580,3172
2807,1580,1141
2808,1580,2428
2809,1580,790
2810,1580,912
2811,1580,3024
2812,1580,1947
2813,1580,919
2814,1580,968
2815,1580,481
2816,1580,620
2817,1580,1165
2818,1580,1772
2819,1580,1897
2820,1580,1519
2821,1580,1993
2822,1580,133
2823,1580,1336
2824,1580,1896
2825,1580,820
2826,1580,780
2827,1580,2581
2828,1580,1087
2829,1580,99
2830,1580,629
2831,1580,865
2832,1580,1287
2833,1580,2724
2834,1580,229
2835,1580,2888
2836,1580,610
2837,1580,1939
2838,1580,2468
2839,1580,2466
2840,2149,2708
2841,309,1019
2842,962,2397
2843,788,1613
2844,1348,1459
2845,1348,3133
2846,1348,594
2847,1348,2069
2848,296,200
2849,1359,1756
2850,1438,1169
2851,2199,217
2852,2748,1400
2853,2748,2026
2854,2748,855
2855,2748,1447
2856,2748,1847
2857,2748,412
2858,2748,327
2859,2748,17
2860,2748,2111
2861,2748,2878
2862,2748,1297
2863,2748,3168
2864,2748,2433
2865,159,2235
2866,3048,2359
2867,3048,400
2868,3048,79
2869,3048,2123
2870,703,1906
2871,641,143
2872,2673,758
2873,2065,1613
2874,2046,2668
2875,544,1822
2876,1303,1613
2877,787,1652
2878,787,999
2879,787,1918
2880,787,1829
2881,2679,1019
2882,2679,2971
2883,78,1353
2884,3167,2667
2885,312,132
2886,312,140
2887,312,73
2888,312,1349
2889,312,1999
2890,312,666
2891,1921,1084
2892,1132,1072
2893,1132,2921
2894,1132,295
2895,1132,1093
2896,1132,2207
2897,1132,2347
2898,1132,1307
2899,1132,458
2900,1132,1860
2901,1132,1039
2902,1132,2337
2903,1132,1116
2904,1132,586
2905,1132,875
2906,1132,2775
2907,1132,3073
2908,1132,159
2909,1132,1204
2910,786,2235
2911,1232,28
2912,1232,445
2913,1232,1403
2914,46,633
2915,1903,143
2916,3031,1613
2917,1172,1929
2918,1296,166
2919,1296,1774
2920,1296,2813
2921,1296,2506
2922,315,712
2923,315,492
2924,2175,936
2925,2175,1942
2926,1756,802
2927,1756,2005
2928,1756,3145
2929,3055,2812
2930,425,884
2931,425,2467
2932,2127,131
2933,2194,625
2934,2194,2031
2935,2194,2249
2936,2194,1252
2937,2194,759
2938,2182,2490
2939,908,1906
2940,2298,2147
2941,2298,787
2942,2035,499
2943,1113,542
2944,2763,3001
2945,2763,2934
2946,2763,2401
2947,2763,62
2948,2763,1964
2949,2763,1671
2950,2763,925
2951,2763,2474
2952,2763,2521
2953,2763,1843
2954,2763,2258
2955,2763,1884
2956,2763,2982
2957,2763,2445
2958,1392,240
2959,2963,642
2960,271,143
2961,1345,2980
2962,2994,1613
2963,3040,2490
2964,1797,1940
2965,1439,1841
2966,1439,1643
2967,1439,1430
2968,1439,2505
2969,1439,2890
2970,2004,774
2971,1651,547
2972,1651,1651
2973,2411,3062
2974,183,1476
2975,905,326
2976,905,587
2977,1810,1857
2978,1810,1996
2979,1810,2702
2980,1810,594
2981,563,2397
2982,1224,2130
2983,561,2708
2984,561,2811
2985,561,1298
2986,1159,1211
2987,1159,170
2988,1166,1779
2989,242,2971
2990,3166,3175
2991,3150,771
2992,1525,2417
2993,3212,1080
2994,3212,560
2995,3212,445
2996,3212,1526
2997,3212,1064
2998,1021,619
2999,1021,2235
3000,175,432
3001,175,2883
3002,2278,1019
3003,2492,1886
3004,2621,1748
3005,2039,1953
3006,44,1613
3007,1458,514
3008,2701,3064
3009,1741,1384
3010,1741,538
3011,1741,2504
3012,2313,1194
3013,2313,1766
3014,2313,1324
3015,1521,1613
3016,1521,2259
3017,1521,447
3018,1521,2395
3019,762,278
3020,1085,1981
3021,1085,122
3022,1085,534
3023,2880,926
3024,2880,2526
3025,2880,1151
3026,2619,1613
3027,1961,2971
3028,1961,1826
3029,1961,2021
3030,1961,269
3031,2832,699
3032,2832,640
3033,2832,1440
3034,2832,159
3035,2832,1104
3036,1954,1906
3037,1373,2235
3038,1373,2347
3039,2709,827
3040,3170,1613
3041,3079,1613
3042,2973,878
3043,2973,384
3044,2973,1320
3045,2879,1822
3046,1325,2153
3047,1325,2300
3048,1325,1627
3049,1325,1769
3050,1989,1613
3051,2489,1684
3052,1000,1613
3053,857,1019
3054,504,814
3055,504,1259
3056,504,114
3057,504,2389
3058,504,162
3059,504,2113
3060,504,2839
3061,504,1965
3062,504,1740
3063,504,1364
3064,504,2609
3065,504,3156
3066,504,1338
3067,504,2838
3068,504,1783
3069,504,167
3070,504,1908
3071,504,1351
3072,504,3149
3073,504,1936
3074,504,3139
3075,504,1455
3076,504,2931
3077,1722,868
3078,387,1906
3079,170,797
3080,170,1822
3081,1510,1613
3082,2125,459
3083,2666,2063
3084,1610,1019
3085,2544,1613
3086,1308,143
3087,1074,1019
3088,1479,3100
3089,439,2249
3090,439,382
3091,439,2705
3092,1713,2597
3093,111,806
3094,2907,1019
3095,2782,122
3096,337,1613
3097,1227,238
3098,1227,588
3099,1227,91
3100,1227,232
3101,1227,546
3102,2203,2020
3103,2203,1048
3104,2203,2323
3105,145,738
3106,1156,999
3107,928,1019
3108,270,2812
3109,2049,850
3110,1354,1867
3111,1354,1827
3112,1354,1577
3113,1354,2700
3114,1354,2492
3115,366,1019
3116,1914,2169
3117,1914,807
3118,1914,1956
3119,3047,2410
3120,2028,1613
3121,2028,2773
3122,2028,3183
3123,2028,134
3124,2028,1789
3125,2028,3153
3126,2028,405
3127,2028,1492
3128,2028,24
3129,2028,148
3130,2028,2128
3131,2028,2503
3132,2028,3008
3133,2028,535
3134,2028,1854
3135,2028,2052
3136,2028,1063
3137,2028,2
3138,2028,2793
3139,2028,1443
3140,2028,2635
3141,2028,2978
3142,2028,41
3143,2028,1367
3144,2028,274
3145,2028,816
3146,2028,700
3147,2028,2771
3148,2028,3089
3149,2028,777
3150,2028,3152
3151,2028,1539
3152,2028,409
3153,2028,2686
3154,2028,219
3155,2028,2270
3156,2028,1833
3157,2028,1545
3158,2028,912
3159,2028,782
3160,2028,3044
3161,2028,1251
3162,2028,3130
3163,2028,956
3164,2028,2161
3165,2028,2001
3166,2028,1519
3167,2028,2362
3168,2028,31
3169,2028,820
3170,2028,2132
3171,2028,3199
3172,2028,2685
3173,2028,674
3174,2028,430
3175,2028,1168
3176,2028,2319
3177,2028,4
3178,2028,3019
3179,2028,761
3180,2028,1982
3181,2028,582
3182,2028,22
3183,2028,2183
3184,2028,3032
3185,2028,1027
3186,2028,1328
3187,2028,799
3188,2028,760
3189,2028,1862
3190,2028,1871
3191,2028,1452
3192,2028,1470
3193,2028,1907
3194,2774,2887
3195,2045,1613
3196,2045,1649
3197,2722,3083
3198,1716,1454
3199,557,2714
3200,557,2053
3201,557,183
3202,445,2169
3203,445,2499
3204,1902,1094
3205,1902,355
3206,1902,2741
3207,1902,2430
3208,1902,2728
3209,1902,1412
3210,1902,666
3211,1902,354
3212,1902,146
3213,1902,1329
3214,1902,1555
3215,1902,1807
3216,1902,3017
3217,1902,1778
3218,1902,2382
3219,1902,2174
3220,1902,3095
3221,1902,3144
3222,1902,2738
3223,1902,2185
3224,824,2344
3225,2409,2566
3226,2419,675
3227,2419,1569
3228,2419,2022
3229,395,92
3230,2251,1252
3231,1719,1025
3232,961,2849
3233,961,698
3234,2688,1019
3235,848,2443
3236,2168,1019
3237,1128,1613
3238,692,1613
3239,692,1019
3240,1828,3082
3241,93,1613
3242,93,1420
3243,1436,1727
3244,1436,1632
3245,1436,1441
3246,1436,1020
3247,1436,2058
3248,1436,2307
3249,1436,3204
3250,1436,2431
3251,1436,3057
3252,1436,1333
3253,1436,719
3254,1436,1267
3255,1436,2782
3256,1436,1621
3257,1436,1769
3258,1436,2950
3259,1436,971
3260,1436,2291
3261,1436,1437
3262,1436,1593
3263,1436,1595
3264,1436,1383
3265,1436,3208
3266,1436,3209
3267,1436,1316
3268,1436,1315
3269,1436,2893
3270,1436,2894
3271,1436,1448
3272,1436,1449
3273,1436,1532
3274,1436,2099
3275,1436,2783
3276,1436,228
3277,1131,1613
3278,2953,2386
3279,900,1835
3280,3141,625
3281,51,1613
3282,8,1056
3283,8,2695
3284,8,2916
3285,8,128
3286,2791,2235
3287,2179,320
3288,2179,469
3289,660,1562
3290,660,1726
3291,660,723
3292,660,1673
3293,660,3112
3294,1321,1019
3295,2767,2854
3296,2767,684
3297,2767,1080
3298,2767,1118
3299,2767,9
3300,2767,1238
3301,2144,931
3302,2144,1361
3303,1665,2304
3304,2865,2563
3305,2948,1659
3306,2948,1679
3307,2948,283
3308,2651,2744
3309,325,2953
3310,1607,1613
3311,809,2854
3312,1576,1613
3313,1377,1613
3314,1125,2063
3315,2386,3105
3316,2386,1493
3317,2386,439
3318,82,990
3319,82,324
3320,82,892
3321,82,2556
3322,98,1867
3323,98,1971
3324,98,1777
3325,465,2314
3326,465,1893
3327,465,472
3328,3134,2830
3329,1484,2915
3330,519,1613
3331,9,2767
3332,929,1019
3333,3178,143
3334,3178,913
3335,1170,1484
3336,464,1613
3337,444,1613
3338,13,2968
3339,501,1748
3340,3094,1819
3341,3094,1665
3342,3094,2538
3343,2177,1613
3344,420,2235
3345,3004,1613
3346,972,1019
3347,153,1613
3348,827,1019
3349,821,1613
3350,821,2892
3351,2273,1613
3352,2870,1613
3353,2025,953
3354,2329,1613
3355,704,1693
3356,704,461
3357,704,698
3358,704,612
3359,704,191
3360,704,293
3361,2280,1613
3362,872,672
3363,872,2525
3364,872,1630
3365,872,28
3366,868,1019
3367,868,824
3368,127,1872
3369,2181,2956
3370,2181,26
3371,2181,2696
3372,1066,1613
3373,2655,1613
3374,2639,2603
3375,494,1613
3376,155,1613
3377,151,1613
3378,455,1906
3379,1605,143
3380,2784,1613
3381,668,1019
3382,1873,1906
3383,2074,1613
3384,1710,2046
3385,1967,1613
3386,2335,2235
3387,1931,1019
3388,573,1748
3389,573,418
3390,2238,1613
3391,2380,350
3392,263,1613
3393,1518,1019
3394,1894,1613
3395,3058,1613
3396,266,1019
3397,101,913
3398,2617,1613
3399,2852,524
3400,96,445
3401,2129,2971
3402,2862,1613
3403,383,2566
3404,383,2438
3405,691,1613
3406,1473,1019
3407,1755,143
3408,2429,1613
3409,3131,1687
3410,259,143
3411,1062,1019
3412,1176,1019
3413,1530,1454
3414,847,2235
3415,352,1613
3416,854,1019
3417,740,1019
3418,740,1728
3419,1114,1019
3420,1920,1019
3421,2735,1019
3422,1281,2321
3423,1269,1613
3424,19,1613
3425,19,1187
3426,2537,1613
